{"_step":50,"Epoch":49,"Loss":0.006539385560899973,"Test Accuracy":0.94,"_wandb":{"runtime":10},"_timestamp":1.737830986997829e+09,"_runtime":5.8355079}