{"_wandb":{"runtime":14},"Epoch":49,"Loss":0.006559370355680585,"_timestamp":1.737830926792573e+09,"_runtime":6.5019478,"_step":50,"Test Accuracy":0.935}